date,output,investment,consumption,hours_worked,unemployment,labor_share,interest,inflation,productivity,TFP
1955-01-01,970.1248961901815,1295.5491930607307,1364.477063438933,1754.8974379194594,4.7333,467.9990047545554,0.335825,0.481,346.4954347464906,-0.45999999999999996
1955-04-01,971.3355573650196,1300.1757461167008,1364.909510569566,1755.9834290645167,4.4,468.16033100227276,0.375,0.414,346.78586481807054,-0.165
1955-07-01,972.2205455316836,1302.1739183202492,1364.8131365913973,1757.4183683101974,4.1,468.5431331340842,0.485,0.702,347.19353961674966,0.24000000000000007
1955-10-01,972.3343622989947,1303.7529627662473,1365.7128120199607,1758.3140749330432,4.2333,468.82513497980244,0.589175,0.977,346.8824877002741,-1.1599999999999997
1956-01-01,971.522840307542,1300.363029059223,1365.6810210745111,1757.1141145878485,4.0333,470.6652189933926,0.620825,1.005,345.6442855888134,-0.6474999999999999
1956-04-01,971.9384409659742,1298.131972398839,1365.7075161836467,1756.9614238254967,4.2,471.4822478780989,0.673325,0.596,346.09745856980163,0.9250000000000002
1956-07-01,971.3899659750128,1297.5834974078775,1365.5481467419818,1756.9384040670684,4.1333,471.743580644183,0.7025,1.242,346.10373820181724,0.3925000000000001
1956-10-01,972.5138096494574,1297.1629088395748,1366.0877628540036,1756.3412544263456,4.1333,471.7382176595019,0.731675,0.413,347.15937122838864,1.09
1957-01-01,972.7346854817254,1296.993920630277,1365.720977837373,1756.3515729019834,3.9333,470.8908386403888,0.733325,1.35,348.2961683464795,2.0250000000000004
1957-04-01,972.1005982940808,1295.57551569653,1365.674551498627,1754.9476816495091,4.1,471.67383939924684,0.75,0.701,347.92072552971825,3.5450000000000004
1957-07-01,972.6213236963688,1295.3057231481064,1366.5851409424806,1754.1354970020252,4.2333,471.07276822439655,0.808325,0.601,349.34118656499663,4.655
1957-10-01,971.1418644287294,1287.2665356318857,1367.032523561429,1752.4876497882485,4.9333,471.83381440934556,0.813325,0.06,349.6598466425408,6.882499999999999
1958-01-01,968.1343501555002,1279.929340783324,1366.2892569631758,1750.0647974581298,6.3,472.889111297785,0.465825,1.077,348.26544732384224,7.2075
1958-04-01,968.4086987500752,1277.5129440859068,1366.936045466849,1749.801974404555,7.3667,471.72838477385494,0.235,0.284,350.2158232975295,7.4675
1958-07-01,970.2594610156739,1283.373152071693,1367.6653006504337,1750.5475597274224,7.3333,471.64968686244214,0.330825,0.606,352.0667881638322,7.387500000000001
1958-10-01,972.1125994942153,1290.3337835438763,1367.812236601303,1751.15861930477,6.3667,469.924323722798,0.540825,0.468,353.74168249059653,7.485000000000001
1959-01-01,973.5542161686681,1294.6385814857617,1368.8707110446,1752.166782331208,5.8333,470.33671042416694,0.6425,0.268,353.81147022241987,6.562500000000002
1959-04-01,975.5741320381863,1300.2232312283038,1369.926299286938,1753.1634434672692,5.1,469.77402514693534,0.770825,0.146,354.9904701823348,6.665000000000002
1959-07-01,974.9520189238701,1295.6323432872632,1370.6516560309578,1752.0399846184798,5.2667,470.17522838343353,0.894175,0.372,354.7920545660617,7.392500000000002
1959-10-01,974.9053499229063,1295.1799942167381,1371.556468994128,1752.3466390039675,5.6,470.80516312887346,0.9975,0.393,354.61919865600555,8.360000000000003
1960-01-01,976.3075398819384,1302.8834809586435,1371.0465548084821,1750.2773876161843,5.1333,470.5259835002104,0.983325,0.409,356.91100719769463,9.935000000000002
1960-04-01,975.5741320381863,1295.8487763320181,1372.035677592918,1752.4233996389373,5.2333,472.3059882622657,0.924175,0.264,355.5490908429161,9.837500000000002
1960-07-01,975.4000978835746,1294.0353611998387,1371.4814148433325,1752.011215637041,5.5333,472.2259647844431,0.734175,0.361,355.8372056034154,10.177500000000002
1960-10-01,973.7314897481544,1284.1901575947618,1371.88639655583,1750.47760166695,6.2667,473.56632174646745,0.574175,0.308,354.6105480122481,11.030000000000003
1961-01-01,974.0144754339955,1283.5722362863662,1372.169382241671,1749.9971634837461,6.8,473.07097286830617,0.500825,0.216,355.8856186531016,10.887500000000003
1961-04-01,975.475549873573,1288.5892409295923,1372.8813895083326,1749.9539422447237,7,471.44818854282295,0.433325,0.244,358.7012827710366,11.625000000000004
1961-07-01,976.7094927630574,1293.6780508308002,1372.790809722815,1748.7424039008943,6.7667,470.7501117085553,0.420825,0.26,360.07310673372314,12.087500000000004
1961-10-01,978.290058954701,1296.0954419894956,1373.7983084435602,1749.3092234110345,6.2,470.4979321207582,0.6,0.327,361.00256227801094,11.335000000000003
1962-01-01,979.7182146165196,1299.5855263715878,1374.263992767958,1749.6115955519208,5.6333,469.97437309071836,0.614175,0.517,362.6525212366961,12.242500000000003
1962-04-01,980.4385191492918,1298.6597031989525,1374.98429730073,1750.165517700843,5.5333,470.44361676447204,0.651675,0.162,362.4874124138024,11.975000000000003
1962-07-01,981.0000709442663,1299.6353342605305,1375.7390858708102,1750.2430905875026,5.5667,469.73481929290807,0.711675,0.207,363.78229737889853,13.012500000000005
1962-10-01,980.9835996454673,1298.3714455392137,1376.4918491343267,1749.142923258388,5.5333,469.892461077838,0.730825,0.195,364.6258968277296,14.245000000000005
1963-01-01,981.7602813378958,1301.2185945678114,1376.4992962644396,1749.5482762854883,5.7667,470.0198507892392,0.741675,0.439,364.95667367283954,14.055000000000003
1963-04-01,982.7362162146636,1303.0108605084954,1376.7000334607756,1750.051695645329,5.7333,469.48372003160375,0.740825,0.166,365.9656595437033,14.277500000000003
1963-07-01,984.2834805324179,1304.963804895811,1378.05255575009,1749.9301675156037,5.5,468.4304789151819,0.8325,0.122,368.0721266412473,15.520000000000003
1963-10-01,984.6123235146557,1306.099103861722,1377.9907732356216,1749.9171232230558,5.5667,468.964919256603,0.863325,0.81,368.0696061305917,15.467500000000003
1964-01-01,986.4382832655368,1308.7250678793105,1379.4245756211844,1751.4504848145525,5.4667,467.7221043732075,0.865825,0.318,368.9604191428393,17.035000000000004
1964-04-01,987.3079890114702,1308.7947693585365,1380.8819422160163,1752.115052383483,5.2,467.84206477276837,0.8725,0.24,369.6376282540559,16.342500000000005
1964-07-01,988.2927638570767,1310.9771633088144,1382.2565811031886,1751.8552823020054,5,467.8959535958585,0.864175,0.403,370.3891211734374,17.087500000000006
1964-10-01,988.2927638570767,1310.1803463438966,1382.6449311058284,1752.0154127670924,4.9667,469.2044886971314,0.894175,0.456,369.4911226345655,16.885000000000005
1965-01-01,990.4537001671699,1318.5448217459352,1383.2433356256136,1753.2394391604864,4.9,467.80116421632243,0.993325,0.502,370.9637507198446,16.787500000000005
1965-04-01,991.5416123401402,1318.1175534168453,1384.5279046957878,1753.7019578263344,4.6667,467.73885167507024,1.019175,0.446,371.5570069366981,17.162500000000005
1965-07-01,993.2172186396037,1320.5536196548308,1385.6123762689456,1753.2829723690452,4.3667,466.59830253846036,1.018325,0.396,373.33507817107653,19.127500000000005
1965-10-01,995.2230096524119,1321.798950729117,1387.6181672817538,1754.1376300438628,4.1,465.91374022580334,1.041675,0.676,375.1384659465333,19.840000000000003
1966-01-01,997.413239210546,1327.7349365407413,1388.4153394862933,1754.3133463715214,3.8667,465.94405445193337,1.139175,0.645,376.5261624032742,20.660000000000007
1966-04-01,997.5622150295328,1324.8986160447596,1389.5613325372651,1754.638139464747,3.8333,467.08549249669346,1.228325,0.819,375.91748103325926,20.187500000000007
1966-07-01,997.966124675897,1324.5420657526022,1389.7666323864664,1754.4795324264587,3.7667,467.6038630820532,1.3525,0.968,376.07116243080475,20.317500000000006
1966-10-01,998.5113621416073,1325.0873032183124,1389.9134629506893,1754.3869811671484,3.7,467.1145174911624,1.390825,0.845,376.7528883934197,21.280000000000005
1967-01-01,999.1818891326093,1322.2623287059569,1390.7833918023775,1753.2526078918554,3.8333,467.13323882417603,1.205825,0.415,377.59054143305633,23.235000000000007
1967-04-01,999.0215556045952,1320.9091380914153,1391.2188892327267,1753.521771121628,3.8333,467.78442734775155,0.9975,0.505,378.002186993415,24.370000000000005
1967-07-01,999.6021153939062,1321.88890000768,1391.6012329016385,1753.8387488627382,3.8,467.8680836923866,0.973325,0.952,378.409872069487,23.907500000000006
1967-10-01,1000.1203926042198,1323.2008321775672,1391.7218952739881,1754.3834579153233,3.9,467.91360051814166,1.043325,1.092,378.7660874911336,24.842500000000005
1968-01-01,1001.9224051018725,1326.1816402504242,1393.124705644687,1753.7007174801356,3.7333,467.323996488948,1.196675,1.105,380.9724463806139,26.307500000000005
1968-04-01,1003.3682134193955,1328.7925102899446,1394.3703136951426,1754.7324788075468,3.5667,466.8999080400165,1.495,1.049,381.9271549296595,26.94750000000001
1968-07-01,1003.8149555779524,1327.6828007943905,1395.6154632885218,1754.382824760826,3.5333,467.9117430940174,1.485825,0.98,381.89423384121045,26.72500000000001
1968-10-01,1003.9896052315676,1328.638704421685,1395.7901129421368,1754.4744237578175,3.4,468.6796254868036,1.479175,1.405,381.7206703645991,26.21000000000001
1969-01-01,1005.3242872620965,1332.2811811804684,1396.526587804911,1754.950533409157,3.4,468.07877324466796,1.641675,1.033,382.4851615637151,26.010000000000012
1969-04-01,1005.4146428821241,1331.2242966842723,1397.2151505926934,1755.2558477421858,3.4333,469.36571404442907,2.081675,1.269,381.67668241658737,25.32500000000001
1969-07-01,1005.7581087873527,1331.567762589501,1397.3596114571212,1755.205805422165,3.5667,470.0962067937125,2.245825,1.396,381.7382601274025,25.137500000000006
1969-10-01,1005.0268283744323,1327.71122782617,1398.209391646865,1755.1944520663242,3.5667,471.4221880854271,2.235,1.281,381.3174573385543,25.002500000000005
1970-01-01,1004.6028239318238,1324.470135686892,1398.761004698793,1754.6441778867006,4.1667,471.8802396655183,2.143325,1.399,381.57984076711296,26.060000000000006
1970-04-01,1004.4683249202905,1324.3356366753585,1398.8204921690424,1753.088329054242,4.7667,470.48164061131376,1.97,1.384,383.0943093377404,27.835000000000004
1970-07-01,1005.0138752861822,1324.8811870412503,1399.5596534376205,1752.349653571067,5.1667,470.0780320801414,1.675825,0.816,384.61823034877125,29.207500000000003
1970-10-01,1003.6312445648633,1318.476580622029,1399.9028565392298,1752.0817333870752,5.8333,470.4943120146887,1.391675,1.311,383.75795924050414,29.125
1971-01-01,1005.9679005711038,1329.0483401444512,1399.3463502920697,1751.75066825087,5.9333,468.624313201457,0.964175,1.516,386.62303442544703,30.3525
1971-04-01,1006.2497833920736,1330.898882582191,1399.8237365966197,1751.6692508519511,5.9,468.54774740417673,1.140825,1.309,386.9595556188192,30.4075
1971-07-01,1006.7178295192607,1332.1421263898098,1400.0962792402265,1752.3222032677406,6.0333,468.1028767787336,1.368325,1.01,387.8466221899303,32.5425
1971-10-01,1006.7050936401494,1330.964328788701,1401.057260888901,1753.4074308195954,5.9333,469.20815579773875,1.1875,0.827,387.04924265879737,31.187499999999996
1972-01-01,1008.2428401170605,1335.1997340354324,1401.425403389493,1754.5874971890917,5.7667,469.23198867438816,0.885,1.536,388.44462376579116,31.474999999999998
1972-04-01,1010.2952976495761,1339.5079263103553,1402.8878887092897,1754.99652782876,5.7,467.98322902965134,1.075,0.61,390.46559350825794,32.16
1972-07-01,1010.9525635947399,1340.9059363833053,1404.1351268671724,1755.190558095921,5.5667,468.1455072657375,1.185,0.935,391.00610821146057,32.8175
1972-10-01,1012.3345712858809,1343.0232415049722,1405.3208636415286,1755.8126150640583,5.3667,468.5643570137968,1.285825,1.262,391.82634930176005,33.6525
1973-01-01,1014.5531363350818,1347.4158052178138,1406.552253842814,1756.7362200438608,4.9333,468.3593120999431,1.634175,1.156,394.0377198924674,34.6825
1973-04-01,1015.4557506491177,1349.3879484435245,1406.8578514581995,1757.3755052972786,4.9333,468.5514386669581,1.954175,1.512,394.13099260530385,34.099999999999994
1973-07-01,1014.6629790357027,1346.0815795029553,1407.4526144941465,1757.46867123283,4.8,469.9616356280037,2.64,1.89,393.1570698270515,33.037499999999994
1973-10-01,1015.3467757803897,1347.490017099719,1407.5441094085213,1757.97769741988,4.7667,470.26598072653485,2.499175,1.969,392.50774245018556,33.342499999999994
1974-01-01,1014.3094829881003,1342.023956287318,1408.2733002342122,1757.5645514829287,5.1333,470.508791652723,2.330825,1.884,392.3042071910579,32.544999999999995
1974-04-01,1014.356688055654,1342.4478096344194,1408.7088553044057,1757.2258054796837,5.2,469.75579177799636,2.8125,2.35,392.0407754962539,33.2275
1974-07-01,1013.1300186698601,1338.9396724720082,1408.6382681587193,1756.7872097893414,5.6333,470.6986428122396,3.0225,2.858,390.9740402270594,31.787499999999998
1974-10-01,1012.4709258287639,1336.338771045202,1407.5952976869066,1754.7968348935215,6.6,469.5431276932832,2.336675,2.902,391.8561582267729,33.0775
1975-01-01,1011.0542371500752,1325.4694650173017,1407.8945710365008,1752.6627585180297,8.2667,468.53113503530705,1.575825,2.241,392.6458313224402,35.5
1975-04-01,1011.5812796414458,1325.1307012343607,1408.7989724662352,1752.5500601858869,8.8667,467.4901451461759,1.355,1.486,394.301766953037,36.79
1975-07-01,1012.9227729697604,1331.1439570194214,1409.384318524492,1753.4604843080601,8.4667,466.55124149942526,1.54,1.765,395.42775733249823,36.222500000000004
1975-10-01,1014.0060524162,1333.0536874508502,1409.8967115488995,1754.1773327506746,8.3,466.6585083689558,1.353325,1.653,395.52357398509645,35.1825
1976-01-01,1016.0220606843893,1340.6711598745067,1411.146432542532,1755.8156695692396,7.7333,465.9421600820007,1.206675,1.034,396.9857857099097,35.2575
1976-04-01,1016.5621021141535,1343.5189960325254,1411.6864739722962,1755.5797611458065,7.5667,465.74589846967456,1.299175,1.011,397.94199374141976,36.1025
1976-07-01,1016.8118476957156,1344.1482487109427,1412.7025068284154,1755.7851572564211,7.7333,466.2438593778484,1.320825,1.281,398.12318535904564,35.9275
1976-10-01,1017.2980195787698,1345.0124928779876,1413.5696315531363,1756.0359237411703,7.7667,466.2193035084,1.218325,1.757,398.44738910863884,36.8825
1977-01-01,1018.2217171089883,1348.9103873280797,1414.3030340687462,1756.7646399735067,7.5,466.05292041083686,1.165,1.596,399.0501413299403,37.4675
1977-04-01,1019.9249395552329,1353.501897189203,1414.8568185724173,1757.9741183303934,7.1333,466.03967349782135,1.289175,1.393,399.47820205959107,37.0675
1977-07-01,1021.3982423053066,1356.7389140878872,1415.7504095540583,1758.2453812655976,6.9,465.6727945401684,1.455,1.224,400.4675110224516,38.57000000000001
1977-10-01,1021.1229572115677,1357.1604959257577,1416.054836228752,1759.3206889445228,6.6667,466.9327384431404,1.628325,2.149,399.17579734469996,37.535000000000004
1978-01-01,1021.2368336128902,1356.9265458894479,1417.3181505726482,1759.0719765088725,6.3333,468.6399881220773,1.689175,1.479,399.2404117374959,38.190000000000005
1978-04-01,1024.7963389017864,1362.8958063362497,1418.5654141194586,1761.4179200191377,6,466.2967284714308,1.820825,1.813,401.18321406476366,38.2475
1978-07-01,1025.477802619802,1363.9168289543795,1419.2468778374744,1761.2745183854333,6.0333,466.071841528753,2.025,1.659,401.1868340397863,38.18
1978-10-01,1026.5174913298397,1365.9683306809757,1419.5037836854874,1761.7962647984946,5.9,465.79333995149767,2.395825,2.08,401.8147229386535,37.980000000000004
1979-01-01,1026.4617557935098,1365.2391919265115,1420.035708998056,1762.022579998176,5.8667,467.9312443268357,2.518325,1.772,400.9186013140779,38.0225
1979-04-01,1026.3222808938117,1364.4217483282753,1420.6744481425635,1761.4990534657106,5.7,467.54608816035255,2.545,2.39,400.6423680849631,39.02250000000001
1979-07-01,1026.7366485323362,1363.4662315309838,1421.6685275495206,1762.076976405721,5.8667,467.80581284939274,2.736675,2.114,400.53494006505383,37.625
1979-10-01,1026.6845117938724,1361.6749205213328,1422.575170926572,1762.3140873531345,5.9667,468.4849750810166,3.394175,1.975,400.4474557793058,37.7175
1980-01-01,1026.7262233590084,1360.3031809929782,1423.18776891374,1761.2938546823552,6.3,468.3223223271933,3.761675,2.058,400.92041611376936,39.675000000000004
1980-04-01,1024.3987381791933,1350.592269612058,1422.3669035693895,1759.2598892819747,7.3333,469.1879850800513,3.171675,2.172,399.83107873526666,38.7075
1980-07-01,1023.949539562907,1346.6339390146447,1422.8479442193345,1759.1544605331871,7.6667,469.7220512785905,2.459175,2.275,400.16625923131056,38.157500000000006
1980-10-01,1025.5129853946785,1352.4698793130503,1423.4811507848747,1759.7920249066601,7.4,469.2209895909673,3.963325,2.725,401.2754825182146,37.77
1981-01-01,1027.3567249973496,1359.499966316679,1423.4380419571075,1760.7278158923912,7.4333,467.1341747988298,4.1425,2.467,402.95037731839676,38.86750000000001
1981-04-01,1026.3990161609186,1355.6116448216978,1423.616708985708,1759.8024269630064,7.4,468.0926798387338,4.445,1.858,401.694142337518,37.90500000000001
1981-07-01,1027.2668963567046,1359.4101376760339,1423.1575554894043,1758.8800095490803,7.4,467.31839116014726,4.394175,1.783,402.53516907351496,39.795
1981-10-01,1025.8325810799902,1354.6727698316713,1422.8617724352023,1758.2483033178435,8.2333,468.1973807326966,3.396675,1.856,401.3441762553242,39.3025
1982-01-01,1023.931672529323,1347.799517745761,1422.8300771857505,1757.0999007406747,8.8333,470.0643988769083,3.556675,1.39,400.62234788269217,39.64
1982-04-01,1024.2563539313103,1347.3367935046579,1422.7837006480843,1757.440045678071,9.4333,469.5120573186353,3.628325,1.197,400.8296357596647,39.032500000000006
1982-07-01,1023.6381967809457,1345.9249813947195,1423.6415850560315,1757.1743178276843,9.9,469.64084504223393,2.751675,1.43,401.0201794109673,38.5
1982-10-01,1023.4911352935114,1340.8789811872578,1424.9490946688352,1756.450753082256,10.6667,469.1109321665744,2.321675,1.104,401.9261756097745,38.685
1983-01-01,1024.5906358926657,1341.9784817864122,1425.6869312209708,1756.711530885578,10.3667,468.44710801244497,2.163325,0.805,403.2486888843284,38.477500000000006
1983-04-01,1026.6393046225496,1349.3237040742874,1427.0083240179467,1758.1461553018466,10.1333,466.7741147749588,2.200825,0.674,405.5257173514054,38.2725
1983-07-01,1028.332711300532,1353.757008171081,1428.5190822433256,1759.9049338010484,9.3667,465.43317097664357,2.365,1.042,406.2423806095671,37.09
1983-10-01,1030.1390808437002,1360.8277510627915,1429.2224994289438,1760.6563647070332,8.5333,465.45792062456337,2.3575,0.733,406.7247394337733,37.17500000000001
1984-01-01,1031.9133987918044,1367.6031110683618,1429.8815641820004,1761.7635757627586,7.8667,466.04440473963126,2.421675,1.059,406.8889992749632,38.025000000000006
1984-04-01,1033.4522936755823,1369.8364531874208,1431.0459267927622,1763.3150103967523,7.4333,465.50740155162754,2.639175,0.838,407.50767918644436,38.76500000000001
1984-07-01,1034.1903760783978,1370.5745355902366,1431.7840091955777,1762.6520605049777,7.4333,465.6556976004789,2.8475,0.807,407.9332442101597,39.257500000000014
1984-10-01,1034.7403847018545,1370.081056484435,1432.5214592984696,1762.9856355978131,7.3,465.8436033612685,2.316675,0.669,407.9941331911357,39.48250000000001
1985-01-01,1035.5454494295711,1368.0490514992305,1433.886749581053,1763.6126456294671,7.2333,465.6718447868668,2.119175,1.144,408.16138697432825,40.59250000000001
1985-04-01,1036.2461831496553,1369.1088520323872,1434.9592309411503,1763.0652678199353,7.3,465.6081907586003,1.980825,0.617,408.498422395574,40.39000000000001
1985-07-01,1037.5302041185826,1369.6734454379118,1436.2432519100778,1763.7023066334023,7.2,465.07743277931075,1.975,0.578,409.768896347249,41.065000000000005
1985-10-01,1038.028058155791,1370.890727038523,1437.1114767410347,1763.7878044095323,7.0333,466.3269268371738,2.025825,0.577,410.20316077034965,40.830000000000005
1986-01-01,1038.7548167781963,1371.2584188478554,1437.83823536344,1763.9334486159885,7.0333,466.11723761033767,1.956675,0.487,411.3738609328736,41.76500000000001
1986-04-01,1039.0010237778945,1371.1442650972238,1437.7140715693895,1763.849631968908,7.1667,466.3410791824769,1.73,0.399,412.1408345104751,42.572500000000005
1986-07-01,1039.7543345426145,1371.8975758619438,1438.2816812593883,1763.8335799001993,6.9667,466.96930820035914,1.551675,0.403,412.62307510844226,42.690000000000005
1986-10-01,1040.0315666658266,1371.085868005229,1439.11498525107,1764.2873392991241,6.8333,468.1325346934435,1.566675,0.556,412.3790089439858,42.337500000000006
1987-01-01,1040.5353154930606,1370.857012823256,1440.1717308792504,1765.152708285531,6.6,468.46096348145164,1.555,0.723,411.8874559965378,41.295
1987-04-01,1041.439317310229,1371.761014640424,1441.2593874771487,1765.5933801546403,6.2667,467.91731526289277,1.6625,0.668,412.605315556582,42.365
1987-07-01,1042.0970963966186,1372.78576661571,1441.9171665635383,1765.9343999209443,6,468.1325346934435,1.710825,0.723,412.6279180752446,42.7425
1987-10-01,1043.4850827519665,1375.9886848216258,1442.5685013372104,1766.5849910138427,5.8333,468.0685738464237,1.729175,0.824,413.48625105249886,42.8275
1988-01-01,1043.8459298130197,1373.4296164134528,1443.8493180881057,1766.0422935900335,5.7,468.77082392340617,1.665825,0.783,413.8297649750563,44.267500000000005
1988-04-01,1044.9525868057863,1374.5362734062192,1444.772656972706,1766.88703752351,5.4667,468.7956817963447,1.789175,0.962,414.10213837441256,44.53
1988-07-01,1045.2677753845103,1373.7341319251307,1445.6367947799074,1766.8295643551285,5.4667,468.5957231957749,1.995825,1.171,414.39597827642956,44.9675
1988-10-01,1046.3331885781652,1375.1733773298463,1446.7022079735623,1767.5850286071177,5.3333,467.96095318029256,2.1175,0.799,414.7853733074361,44.962500000000006
1989-01-01,1047.1383252907115,1376.7220118911443,1447.1417135657975,1768.3191058297264,5.2,467.77140784638004,2.360825,1.093,414.6494156546857,44.66250000000001
1989-04-01,1047.6949890150092,1375.7861105937748,1447.881359957803,1768.5556269339895,5.2333,466.58136311567773,2.431675,1.029,415.02364335949073,44.205000000000005
1989-07-01,1048.1616621511807,1375.1185560695526,1448.1650504262666,1768.4047964569447,5.2333,466.27218558260967,2.270825,0.722,415.53299032852505,44.7325
1989-10-01,1048.1027453764323,1373.1401945691894,1449.017716992319,1768.190833096695,5.3667,467.1163897821914,2.153325,0.693,415.56748173737066,44.5225
1990-01-01,1048.963398410183,1374.387695280732,1449.5147332617314,1768.8321673381474,5.3,467.25951623028806,2.0625,1.098,416.4041630148972,44.727500000000006
1990-04-01,1049.0384933253363,1372.1189328986836,1450.1347886536414,1767.9260768322674,5.3333,467.47802003365393,2.060825,1.026,417.1614197713401,44.8975
1990-07-01,1048.7098846027766,1369.7942499198703,1451.066322618882,1766.874391113251,5.7,467.6280813446044,2.04,0.889,417.46487741619546,44.9275
1990-10-01,1047.5003678301348,1364.0478726442434,1450.9244316453744,1766.3163905220613,6.1333,468.4267831846741,1.935825,0.754,416.5858697096097,44.80500000000001
1991-01-01,1046.7237639610005,1360.7070257137752,1449.9706798114019,1765.2298347127435,6.6,467.95724005625516,1.606675,0.992,416.8462058139995,45.24250000000001
1991-04-01,1047.177987595045,1359.8540411910842,1450.424903445446,1764.7557815405573,6.8333,467.6597425329084,1.465825,0.683,418.4535600947452,45.845000000000006
1991-07-01,1047.2997092637895,1360.8491308567045,1450.5466251141906,1764.748795283954,6.8667,467.35015053643593,1.410825,0.732,419.1682986777015,45.650000000000006
1991-10-01,1047.3930231870588,1361.8082510542852,1450.63993903746,1764.0651208480197,7.1,467.74629402015665,1.204175,0.538,419.7502654324727,45.455000000000005
1992-01-01,1048.2737886415962,1360.9498422376357,1452.2274212143068,1764.2727525236032,7.3667,468.19923285893765,1.005825,0.428,421.68129009800924,47.972500000000004
1992-04-01,1049.0384933253363,1363.8838293825017,1452.4625571405759,1764.4318704043637,7.6,467.82254613938255,0.9425,0.636,422.51973706408626,47.6375
1992-07-01,1049.637231115768,1364.4825671729334,1453.4146521891385,1764.2376291762912,7.6333,467.65136260562264,0.814175,0.475,423.42369308739916,47.760000000000005
1992-10-01,1050.2873353281598,1366.4120065313164,1454.0647564015305,1764.2510889069663,7.3667,467.0499019746356,0.759175,0.674,424.0520672379702,47.6
1993-01-01,1050.18019393249,1367.5680398262366,1454.3097280457187,1764.4988659937037,7.1333,466.25802348319627,0.76,0.567,423.26126357073645,45.795
1993-04-01,1050.4683904348165,1368.273773469611,1454.5979245480448,1765.1957529915396,7.0667,467.0499019746356,0.75,0.606,422.68483437017676,45.292500000000004
1993-07-01,1050.613546228876,1368.4189292636706,1455.2689360674512,1765.1603653214574,6.8,466.36466197469446,0.765,0.601,422.8846317226063,44.370000000000005
1993-10-01,1051.6210702728279,1371.8957145666595,1455.5747028455385,1765.7282671768846,6.6333,466.22685980279675,0.7475,0.52,423.39760613072946,45.337500000000006
1994-01-01,1052.328416634614,1374.6152012483878,1456.2820492073247,1765.7165920412954,6.5667,464.93018973479997,0.803325,0.483,423.7593172722492,44.417500000000004
1994-04-01,1053.3934521232143,1377.652687271766,1456.6403679736154,1766.7010287051987,6.2,465.2196891415846,0.985,0.497,423.7564287684939,44.21000000000001
1994-07-01,1053.6592754010392,1376.7397149743867,1457.260173921953,1767.2229092620146,6,465.12710228707545,1.121675,0.54,423.22061493408364,44.09
1994-10-01,1054.4814984366276,1380.291152238776,1457.728414287029,1767.5801686464285,5.6333,464.3197880084749,1.291675,0.549,424.3942034772977,44.87250000000001
1995-01-01,1054.5551942866757,1379.5926434794328,1457.9792581019153,1767.061806506484,5.4667,464.4804275228165,1.4525,0.572,424.3999436759102,45.12750000000001
1995-04-01,1054.6209482901759,1377.7013878635232,1458.7504824034045,1765.9441895238067,5.6667,464.3534763531076,1.505,0.439,424.8852321146172,46.160000000000004
1995-07-01,1055.1506605478326,1377.8350599995701,1459.1042931205432,1766.6565535657103,5.6667,464.5937779028613,1.449175,0.474,424.87237873594614,46.31250000000001
1995-10-01,1055.552623920546,1379.420469136984,1459.5062564932566,1766.3076703858526,5.5667,464.5284730324466,1.43,0.492,425.5016787610999,46.57750000000001
1996-01-01,1055.9555724854652,1380.2148076340168,1460.0851065986938,1766.0533272945038,5.5333,464.79710213107853,1.340825,0.54,426.0324993802936,48.145
1996-04-01,1057.403118688622,1383.2127724907702,1461.1805397619926,1766.7566368546663,5.5,464.28127314126016,1.310825,0.379,427.0578180623714,47.455000000000005
1996-07-01,1057.9997091943048,1385.336110209532,1461.6006077152188,1767.3795986533528,5.2667,464.3188253175612,1.326675,0.282,427.4427504075236,47.45
1996-10-01,1058.731645245708,1385.307586322413,1462.1557090609474,1767.5095508590946,5.3333,464.29475503221215,1.32,0.507,427.5679521377509,47.917500000000004
1997-01-01,1059.2250134778249,1386.9394867770427,1462.6490772930645,1768.2587018550817,5.2333,464.9474111544616,1.319175,0.619,427.50119738942675,47.4375
1997-04-01,1060.4379663543518,1388.9043228949724,1463.151547607217,1768.1334183306103,5,464.1280297000149,1.380825,0.27,428.80181073522795,48.107499999999995
1997-07-01,1061.3713064630824,1390.9549930635153,1464.0848877159476,1768.3782534503664,4.8667,464.02477126007875,1.383325,0.356,429.6455129661794,49.305
1997-10-01,1061.8322836666146,1391.78565645518,1464.901737181179,1768.3408962176977,4.6667,465.14524460886497,1.376675,0.332,430.0613196311466,49.0725
1998-01-01,1062.561084133259,1394.3426614055695,1465.6305376478235,1768.287973864603,4.6333,466.2410263160166,1.38,0.163,430.61035546696723,49.4875
1998-04-01,1063.2508505332278,1394.3051518726304,1466.8517490541415,1768.2090394051247,4.4,466.8332760945732,1.375,0.209,431.23683632860815,50.732499999999995
1998-07-01,1064.2396506792736,1396.021227951584,1467.663714494513,1768.2073453297135,4.5333,466.77975069455454,1.383325,0.373,432.63421340899333,51.82499999999999
1998-10-01,1065.5658073545535,1398.786258372074,1468.2793886074185,1769.1120403866123,4.4333,466.5399435537564,1.215,0.312,433.46205122766116,51.477499999999985
1999-01-01,1066.1087313040805,1400.394911769,1469.000406994045,1768.6397914980141,4.3,466.9167935935276,1.183325,0.499,434.5440448105838,52.85249999999999
1999-04-01,1066.6557172400958,1400.5879150345027,1469.9026330904971,1768.6689122248986,4.2667,466.6998788611025,1.186675,0.335,434.8534481941636,52.622499999999995
1999-07-01,1067.5884819035673,1402.578890631028,1471.012545718807,1768.6250510708117,4.2333,466.3920110480614,1.273325,0.361,435.72471433096587,52.8075
1999-10-01,1069.0102307253892,1403.6491452421053,1472.4342945406288,1768.9222717120706,4.0667,466.42218065806514,1.326675,0.457,437.3263349003725,54.33749999999999
2000-01-01,1069.0466547929943,1404.387326575575,1473.5270664591908,1770.057696331669,4.0333,469.7530564858898,1.419175,0.762,436.8383995632723,54.25
2000-04-01,1070.6699167958382,1407.3994997944856,1474.447337869209,1769.9101446019793,3.9333,467.50506634362966,1.568325,0.565,438.80832562564126,55.184999999999995
2000-07-01,1070.5175187385526,1405.858190521133,1475.3475811106218,1769.4722883571585,4,468.8738977407409,1.63,0.646,438.76110129677824,55.3225
2000-10-01,1070.819846893854,1405.4587614105699,1476.1721036640386,1769.3280205935012,3.9,468.022199829881,1.618325,0.535,439.7616971344972,56.4125
2001-01-01,1070.306467671192,1401.7250681384446,1476.3507687258339,1768.7743371613117,4.2333,470.2623522136804,1.398325,0.626,439.3572227073924,56.5875
2001-04-01,1070.6004700150415,1400.5538428036073,1476.2993475828746,1767.412892468617,4.4,468.34081892387235,1.081675,0.704,441.0395408724325,57.53
2001-07-01,1070.022868930618,1399.2354975913972,1476.2394353164045,1766.8995739729703,4.8333,467.8885223810372,0.874175,0.327,441.5606467937077,57.769999999999996
2001-10-01,1070.045406173507,1397.7598794727246,1476.4339416472462,1765.8182985015421,5.5,467.291294307421,0.533325,0.302,442.821818727979,58.86749999999999
2002-01-01,1070.7437910562578,1398.8349126350233,1476.6155295141527,1765.7804508853055,5.7,465.7250170853527,0.433325,0.32,445.0584411520887,60.26499999999999
2002-04-01,1071.072205913384,1399.1633274921494,1477.4607413871233,1766.1121049038761,5.8333,466.00370874289314,0.4375,0.372,445.1132833072429,59.85749999999999
2002-07-01,1071.3039040966175,1399.3950256753828,1477.6924395703568,1766.3318195823322,5.7333,465.42745864944,0.435,0.445,445.87793207722734,60.304999999999986
2002-10-01,1071.123493111663,1398.080387030035,1478.537678602121,1765.3109591107043,5.8667,465.4836157002911,0.360825,0.54,445.72384616413575,60.107499999999995
2003-01-01,1071.4328875912718,1398.0088286679768,1479.1866319818434,1765.3598364368313,5.8667,464.7022050010651,0.3125,0.615,446.73897790741535,60.31249999999999
2003-04-01,1072.132717705339,1398.7086587820443,1479.3766903887442,1765.489129214814,6.1333,464.9598470022437,0.311675,0.32,448.0638177160369,61.654999999999994
2003-07-01,1073.5461455680806,1401.637267146846,1480.4488209918618,1764.9523170202865,6.1333,463.94170113832746,0.254175,0.553,450.2173540852202,62.77499999999999
2003-10-01,1074.4709851161438,1403.683613776923,1481.0311944517882,1765.4739494403873,5.8333,464.1993797618574,0.249175,0.473,451.19687811540746,62.31249999999999
2004-01-01,1074.8497082405318,1404.0623369013113,1481.752383664313,1765.5632803355647,5.7,463.32035535007964,0.250825,0.869,451.1716282236832,62.30749999999999
2004-04-01,1075.3617114156082,1406.0503816346995,1482.0933003990262,1765.3540742924913,5.6,463.6591330662835,0.2525,0.867,452.10600508687105,63.19999999999999
2004-07-01,1076.0176888919193,1407.436289359172,1482.9203643157005,1765.392627417405,5.4333,464.35732572710367,0.358325,0.614,452.4654032923637,63.9175
2004-10-01,1076.629311593663,1409.1329136633221,1483.7027812519598,1765.4551053862715,5.4333,463.61260701085365,0.4875,0.699,452.7889493768999,64.5025
2005-01-01,1077.4780918479546,1410.698542865475,1483.8666273216938,1765.3163860060317,5.3,462.36582241002225,0.6175,0.922,453.8795313121631,64.8025
2005-04-01,1077.785151318225,1410.2887533878838,1484.6878267420059,1766.1429345713334,5.1,462.2499168109866,0.735825,0.724,453.7800995617237,64.8725
2005-07-01,1078.3695044237202,1410.8731064933793,1485.442974082017,1766.1835115513527,4.9667,461.71284006827574,0.865,0.931,454.52078448154083,65.11
2005-10-01,1078.6862453648625,1411.906696382383,1486.2703544306166,1766.3293278623332,4.9667,461.52789201363794,0.995,0.756,454.56430866734377,64.645
2006-01-01,1079.6632474902972,1413.5954452847038,1486.394836473715,1766.738759755827,4.7333,462.3834911217247,1.114175,0.783,455.15478657346796,65.38999999999999
2006-04-01,1079.7348609444098,1412.238463014069,1486.978833627815,1766.9627203988487,4.6333,461.6545244009597,1.226675,0.801,455.0650640212287,64.54749999999999
2006-07-01,1079.567000106632,1411.3485773789425,1487.4900925478373,1767.2487716943388,4.6333,461.6841806848493,1.311675,0.695,454.6385744999881,63.87249999999999
2006-10-01,1080.0901228640594,1410.0434956526249,1487.6742319298135,1767.6800274418663,4.4333,462.6373792239115,1.311675,0.349,455.37400401315426,64.26249999999999
2007-01-01,1079.931023577042,1408.3973801176624,1488.0231777660379,1767.2938733767471,4.5,464.05469822884504,1.314175,1.117,455.46344992801966,63.85499999999998
2007-04-01,1080.4684950962628,1408.9348516368832,1488.2222394868347,1767.1936960028863,4.5,462.8075837059675,1.3125,0.557,456.0716605233787,63.367499999999986
2007-07-01,1080.8818444173942,1408.2182454326212,1488.8049368585994,1766.987802820946,4.6667,461.8362779774075,1.268325,0.346,457.26469942825315,63.55749999999999
2007-10-01,1080.98491533324,1406.409212203789,1489.4143379700997,1766.2775247331706,4.8,462.2096130577685,1.124175,0.435,457.6904447379315,63.952499999999986
2008-01-01,1080.079931781248,1402.3667163950217,1489.8471670127255,1765.7474231619497,5,463.79180724478937,0.794175,0.57,456.7146356283967,62.817499999999995
2008-04-01,1080.3567598362301,1400.2240715912983,1490.6210963399096,1765.213090313259,5.3333,462.4472688242589,0.521675,0.485,457.70793058215656,63.09999999999999
2008-07-01,1079.6325403035505,1396.6010983712933,1490.3915192007628,1764.2910556583904,6,462.30985088530093,0.485,0.683,457.9760066050876,63.50999999999999
2008-10-01,1077.262378181682,1388.1684740677813,1488.021357078894,1762.3542446398958,6.8667,463.9842107519369,0.126675,0.142,457.32563127425607,63.56499999999999
2009-01-01,1075.6646772970169,1378.678047324149,1486.587994768602,1759.344854001489,8.2667,460.3689089706293,0.045825,0.247,458.07545350403024,64.725
2009-04-01,1075.3232416566384,1373.3851052310326,1486.5744282743933,1758.2027070701045,9.3,461.3058987408329,0.045,-0.167,459.9966671156493,66.78249999999998
2009-07-01,1075.4193883197438,1373.481251894138,1487.323105800991,1756.8104341226501,9.6333,460.5640075572687,0.039175,-0.022,461.4149748768668,66.945
2009-10-01,1076.1513376278308,1377.213426232605,1487.7293219220473,1756.410014484187,9.9333,459.8427505120699,0.03,0.296,462.6070250095833,67.38499999999999
2010-01-01,1076.384265207998,1379.3976352351303,1487.9622495022145,1757.0514618228472,9.8333,458.2321123015371,0.033325,0.352,463.1373851484728,66.41999999999997
2010-04-01,1077.1616922503265,1383.0323995218644,1488.2490786676576,1757.7627434051599,9.6333,458.6293130218402,0.048325,0.443,463.4913437237289,65.87999999999998
2010-07-01,1077.6348726482947,1384.4401661616564,1488.3938515455068,1758.1448731008265,9.4667,458.2034610585934,0.046675,0.456,463.97841505041396,66.34249999999999
2010-10-01,1078.0600770323908,1384.3991692351715,1489.147463449722,1758.0918918154546,9.5,457.77270441579344,0.046675,0.511,464.3977352104121,65.92499999999998
2011-01-01,1077.505284803055,1382.905402970852,1489.8956212494197,1757.7322220636001,9.0333,460.1533581550508,0.039175,0.44,463.5573291899136,65.60499999999998
2011-04-01,1078.0621569209088,1384.8674504342707,1490.290550012043,1757.7054690840935,9.0667,458.58038634971257,0.023325,0.726,463.88467123474754,65.29749999999997
2011-07-01,1078.0725557146582,1384.87784922802,1490.4628921610226,1758.3861086501247,9,458.7728968368149,0.020825,0.602,463.7075746999075,65.33499999999998
2011-10-01,1078.9958047997804,1390.3473357208177,1490.573789093997,1758.8374011637445,8.6333,456.4462768237001,0.018325,0.143,464.391963426737,65.95999999999998
2012-01-01,1079.4911656680154,1392.167219264055,1490.9058846198436,1759.5496661929467,8.2667,458.158421084856,0.025825,0.527,464.54192163957543,66.69249999999998
2012-04-01,1079.7900705890966,1393.3394921820116,1490.7133880606818,1759.410786623749,8.2,457.5864951595502,0.038325,0.456,465.11182198907994,66.68749999999997
2012-07-01,1079.7144051901348,1393.2638267830498,1490.63772266172,1759.6401209260491,8.0333,457.3369873438294,0.035825,0.537,464.92157791267664,66.52499999999998
2012-10-01,1079.5403621268629,1392.6540531828823,1490.7915487446178,1759.5903350633132,7.8,460.1714221014701,0.04,0.404,464.4958045975506,66.29749999999997
2013-01-01,1080.088084730582,1395.3616869669477,1490.847063627794,1759.3015211912275,7.7333,457.3369873438294,0.035825,0.39,464.7309712182183,66.09749999999998
2013-04-01,1080.1206898824848,1396.2453610856412,1490.71505968903,1759.5034224046624,7.5333,458.6333891641797,0.029175,0.208,464.58033626833827,66.16749999999998
2013-07-01,1080.6915917693339,1397.6601498370767,1490.9559282730133,1759.5963186015076,7.2333,457.92470666347054,0.020825,0.481,464.98567036104976,66.60999999999999
2013-10-01,1081.4604925636286,1398.8483384573751,1491.5594030577054,1759.7836867113492,6.9333,456.8786245388134,0.021675,0.514,465.99802891480107,67.37999999999998
2014-01-01,1081.0616442617898,1397.6091490758981,1491.9849617333748,1760.2472999472684,6.6667,459.0827824272215,0.018325,0.414,465.1882001410047,66.75249999999998
2014-04-01,1082.0158212228569,1400.651084539121,1492.4453105303837,1760.6345570425385,6.2333,457.355567221875,0.023325,0.562,465.8094649295978,67.34249999999999
2014-07-01,1083.0797350892717,1402.5380483191873,1493.1786455833485,1760.9357442559547,6.1,456.5410127414214,0.0225,0.454,466.84266356231063,68.09499999999998
2014-10-01,1083.3740359426338,1402.8323491725494,1493.968405749179,1761.4901894929314,5.7,458.23620466620827,0.025,0.145,466.322208943618,68.05249999999998
2015-01-01,1084.0070987678046,1405.0914640848982,1494.1060092618814,1761.5664364764295,5.5667,458.4018048512528,0.0275,-0.017,467.0602057968944,68.76249999999999
2015-04-01,1084.5134091672592,1405.1937335306523,1494.446619540573,1761.4733744858675,5.4,458.4834816810152,0.030825,0.538,467.38750159950786,69.38749999999997
2015-07-01,1084.717942075822,1405.3982664392154,1495.1474313833492,1761.3051489681316,5.1,458.1502298187889,0.034175,0.336,467.6830164248271,69.26249999999999
2015-10-01,1084.636179105997,1404.0944923359125,1495.2305489125424,1762.0984507227859,5,459.8648968997826,0.04,0.206,466.99930416987564,68.63499999999998
2016-01-01,1084.6186497686585,1402.424032803453,1495.7060361859894,1762.28438981997,4.9333,458.982301837401,0.09,0.062,466.73465444147666,68.61499999999998
2016-04-01,1085.0074678641633,1402.39531375791,1496.4221868159914,1762.0120828355361,4.8667,459.3947445965611,0.093325,0.601,466.9721207047538,68.32499999999997
2016-07-01,1085.4971667978389,1402.8850126915852,1497.0751510920554,1762.4271790567523,4.9333,459.0716229017941,0.099175,0.34,467.56752468734453,69.32249999999998
2016-10-01,1085.738230680765,1403.9594147304258,1497.6419481620121,1762.2067798884689,4.7333,457.0340617631206,0.1125,0.502,467.85879199822534,69.40499999999997
2017-01-01,1085.8864373117485,1403.6918203465432,1497.952624365696,1762.4629773140005,4.6667,457.97498086411804,0.175,0.494,467.9191725835221,69.67499999999998
2017-04-01,1086.4751650053015,1404.6963490549624,1498.5413520592488,1762.7763482868672,4.3333,457.5298434783128,0.2375,0.251,468.3445178326946,69.82249999999998
2017-07-01,1087.0566451242387,1406.1042801588892,1498.6346294184552,1763.240979748243,4.3,457.2616002066741,0.288325,0.516,468.9961600683832,70.55249999999998
2017-10-01,1087.5761563605456,1407.0344695904612,1499.3171398758554,1763.068552827813,4.1,457.1830545376331,0.300825,0.58,469.0824809670726,70.06749999999997
